{"../../pooling/data/MEX/484014116/pngs/484014116_2010_1_box484014116_MAY.png": {"glimpse0": {"from_x": 448.92169189453125, "to_x": 603.9216918945312, "from_y": 516.9916381835938, "to_y": 671.9916381835938}, "glimpse1": {"from_x": 540.48828125, "to_x": 695.48828125, "from_y": 570.1087646484375, "to_y": 725.1087646484375}, "glimpse2": {"from_x": 333.3780212402344, "to_x": 488.3780212402344, "from_y": 209.47850036621094, "to_y": 364.478515625}, "glimpse3": {"from_x": 317.8856506347656, "to_x": 472.8856506347656, "from_y": 293.7956848144531, "to_y": 448.7956848144531}}, "../../pooling/data/MEX/484014060/pngs/484014060_2010_1_box484014060_MAY.png": {"glimpse0": {"from_x": 256.82061767578125, "to_x": 417.82061767578125, "from_y": 183.30665588378906, "to_y": 344.306640625}, "glimpse1": {"from_x": 544.1858520507812, "to_x": 705.1858520507812, "from_y": 448.8644104003906, "to_y": 609.8643798828125}, "glimpse2": {"from_x": 446.9029235839844, "to_x": 607.9029541015625, "from_y": 571.0548095703125, "to_y": 732.0548095703125}, "glimpse3": {"from_x": 278.0035095214844, "to_x": 439.0035095214844, "from_y": 502.8951110839844, "to_y": 663.8951416015625}}, "../../pooling/data/MEX/484014117/pngs/484014117_2010_1_box484014117_MAY.png": {"glimpse0": {"from_x": 253.75738525390625, "to_x": 399.75738525390625, "from_y": 323.6369323730469, "to_y": 469.6369323730469}, "glimpse1": {"from_x": 486.8953857421875, "to_x": 632.8953857421875, "from_y": 390.1228332519531, "to_y": 536.122802734375}, "glimpse2": {"from_x": 284.8992004394531, "to_x": 430.8992004394531, "from_y": 307.9661560058594, "to_y": 453.9661560058594}, "glimpse3": {"from_x": 437.58111572265625, "to_x": 583.5811157226562, "from_y": 461.8427429199219, "to_y": 607.8427734375}}, "../../pooling/data/MEX/484014111/pngs/484014111_2010_1_box484014111_MAY.png": {"glimpse0": {"from_x": 299.6135559082031, "to_x": 448.6135559082031, "from_y": 525.5755004882812, "to_y": 674.5755004882812}, "glimpse1": {"from_x": 356.4126892089844, "to_x": 505.4126892089844, "from_y": 375.5262451171875, "to_y": 524.5262451171875}, "glimpse2": {"from_x": 445.9205627441406, "to_x": 594.9205322265625, "from_y": 320.02490234375, "to_y": 469.02490234375}, "glimpse3": {"from_x": 498.16888427734375, "to_x": 647.1688842773438, "from_y": 221.71653747558594, "to_y": 370.716552734375}}, "../../pooling/data/MEX/484001001/pngs/484001001_2010_1_box484001001_MAY.png": {"glimpse0": {"from_x": 1052.397216796875, "to_x": 1407.397216796875, "from_y": 877.897216796875, "to_y": 1232.897216796875}, "glimpse1": {"from_x": 789.3908081054688, "to_x": 1144.390869140625, "from_y": 1371.9534912109375, "to_y": 1726.9534912109375}, "glimpse2": {"from_x": 800.8507690429688, "to_x": 1155.850830078125, "from_y": 1726.4696044921875, "to_y": 2081.4697265625}, "glimpse3": {"from_x": 670.5841674804688, "to_x": 1025.584228515625, "from_y": 391.0936279296875, "to_y": 746.0936279296875}}}